{
  "dataset_version": "dataset_v1",
  "raw_start_date": "2018-07-01",
  "dev_start_date": "2018-09-01",
  "dev_end_date": "2023-12-31",
  "test_start_date": "2024-01-01",
  "test_end_date": "2025-10-31",
  "lookback_days": 60,
  "max_interp_gap_days": 5,
  "min_history_for_eligibility_days": 60,
  "turnover_cap_l1": 0.3,
  "fully_invested": true,
  "long_only": true,
  "include_cash_asset": false,
  "validation_windows": [
    {
      "name": "val_2018_crash",
      "start": "2018-11-15",
      "end": "2018-12-04"
    },
    {
      "name": "val_covid",
      "start": "2020-03-01",
      "end": "2020-03-20"
    },
    {
      "name": "val_bull",
      "start": "2021-01-15",
      "end": "2021-02-03"
    },
    {
      "name": "val_bear",
      "start": "2022-06-01",
      "end": "2022-06-20"
    },
    {
      "name": "val_chop",
      "start": "2023-10-01",
      "end": "2023-10-20"
    }
  ],
  "notes": "This dataset enforces monthly membership, 60-day cold start, gap repair up to 5 days, no cash asset, long-only fully invested portfolios, and discontiguous regime validation windows. Forward returns are provided only for reward calculation; they are not part of the observation tensor.",
  "citations": [
    "jiang2016drlt",
    "jiang2017eIIE",
    "lucarelli2020dqlcrypto"
  ]
}